raceId,max,UQ,median,mean,LQ,min
1,101354.5,94441,91080,97427.74527363184,89832,82918.5
2,150859.5,120168,101005,109763.1570397112,99707,69015.5
3,146135.5,128383,118722,128685.07917888563,116548,98795.5
4,99667.5,97491,96664,97834.82488888889,96040,93863.5
5,88820.0,86021,84942,89878.92675159236,84155,81356.0
6,81807.0,78690,77254,78432.49882537196,76612,73495.0
7,92374.5,90207,89396,90473.84587155964,88762,86594.5
8,86231.0,83996,83077,84317.45811518324,82506,80271.0
9,100100.5,97546,96766,97746.69053934571,95843,93288.5
10,86718.0,84906,84246,85345.85456110154,83698,81886.0
11,104423.5,101836,100862,102151.67741935483,100111,97523.5
12,114909.5,111065,109227,115552.62745098039,108502,104657.5
13,90583.5,87762,86617,88049.08351893096,85881,83059.5
14,119366.5,113659,111138,115520.51734104047,109854,104146.5
15,98702.0,96062,94992,100347.66911764706,94302,91662.0
16,77783.0,76034,75376,79104.38504672897,74868,73119.0
17,106072.5,103386,102453,103623.0887804878,101595,98908.5
18,98429.0,93080,90714,98557.18230563002,89514,84165.0
19,102969.0,99474,98091,99586.00392541707,97144,93649.0
20,100350.5,97283,96057,97601.39982347749,95238,92170.5
21,90691.5,86235,84220,91046.7624750499,83264,78807.5
22,91893.5,89615,88810,91201.18027888447,88096,85817.5
23,120559.0,101491,94382,96772.89366692728,88779,69711.0
24,83946.0,81342,80334,83696.95350877193,79606,77002.0
25,81267.0,79479,78818,79683.93134328358,78287,76499.0
26,112517.0,102569,98125,100905.51908396947,95937,85989.0
27,82322.5,79522,78318,82439.6207442597,77655,74854.5
28,87710.5,84787,83620,84883.7102102102,82838,79914.5
29,105152.0,102227,101109,102130.72640610105,100277,97352.0
30,120659.5,114277,111504,114505.9312039312,110022,103639.5
31,102125.5,97771,96612,99650.07403751234,94868,90513.5
32,117855.0,112149,109867,115775.10131332083,108345,102639.0
33,83879.0,81563,80535,81808.43399810066,80019,77703.0
34,101918.5,99469,98590,99831.40967423495,97836,95386.5
35,87882.5,80288,76289,80924.80726698262,75225,67630.5
36,93594.0,90429,89270,90397.86964129483,88319,85154.0
37,103109.0,100352,99351,100573.28847926267,98514,95757.0
38,101030.0,97796,96566,100550.41586073501,95640,92406.0
39,88357.0,85804,84723,86263.06896551725,84102,81549.0
40,82835.0,79688,78232,79119.62926509186,77590,74443.0
41,101261.0,87806,80224,89093.85738255034,78836,65381.0
42,79328.5,76462,75355,76220.01708074534,74551,71684.5
43,81187.0,79045,78198,79237.36205533597,77617,75475.0
44,87942.0,85014,84011,85536.03333333334,83062,80134.0
45,131423.5,109591,96690,133666.7534562212,95036,73203.5
46,86387.5,83623,82549,83614.28884026258,81780,79015.5
47,93758.0,91133,90184,91440.12458745875,89383,86758.0
48,89609.0,86834,85752,90796.26836158193,84984,82209.0
49,116979.0,112821,111424,112448.35058823529,110049,105891.0
50,190759.5,131853,96468,111066.22188217292,92582,33675.5
51,122920.5,109935,106195,107368.81519699813,101278,88292.5
52,79233.0,76269,75079,76832.6023890785,74293,71329.0
53,100561.0,96586,94831,97186.3390909091,93936,89961.0
54,105653.5,100231,97828,100348.58403361344,96616,91193.5
55,115807.0,99643,91355,101650.96170678338,88867,72703.0
56,90742.0,88180,87167,90413.66928446772,86472,83910.0
57,100169.5,96751,95269,97868.3294232649,94472,91053.5
58,84122.0,80711,79317,80710.33651551313,78437,75026.0
59,83266.5,80226,79003,81079.02310654685,78199,75158.5
60,91033.0,86464,84523,87877.31441860466,83418,78849.0
61,85611.5,81101,79111,82999.8807495741,78094,73583.5
62,78701.0,75878,74573,79691.13350125945,73996,71173.0
63,83033.0,80450,79476,80710.2971295578,78728,76145.0
64,82116.5,79649,78700,79954.0945821855,78004,75536.5
65,115454.0,101351,96740,99241.84244080145,91949,77846.0
66,96500.0,92651,91156,95027.45337301587,90085,86236.0
67,89271.5,86264,85250,86428.36257309941,84259,81251.5
68,118089.5,109073,106246,107412.17422222222,103062,94045.5
69,101194.0,97372,95859,97062.21722846442,94824,91002.0
70,79304.5,76207,74808,79271.36274509804,74142,71044.5
71,94756.5,90570,88936,90332.47253787878,87779,83592.5
72,105578.0,100751,98414,100239.81859931114,97533,92706.0
73,102036.0,97002,94499,96346.62232779097,93646,88612.0
74,87721.0,85813,85089,86257.2456852792,84541,82633.0
75,83974.0,80035,78132,81753.06625891947,77409,73470.0
76,88419.0,82332,79461,82586.50537634408,78274,72187.0
77,99044.0,95144,93490,95025.27121771217,92544,88644.0
78,83406.0,79200,77354,81664.07834507042,76396,72190.0
79,77733.0,75048,74299,75122.35879629629,73258,70573.0
80,84217.0,80713,79148,80945.98979591837,78377,74873.0
81,90118.0,85882,84159,86659.92850838482,83058,78822.0
82,82339.5,79209,77785,79924.06901960785,77122,73991.5
83,89897.0,85889,84130,86576.21522309711,83217,79209.0
84,95221.0,90337,88015,91744.70935960591,87081,82197.0
85,89199.0,85974,84520,86136.43732057416,83824,80599.0
86,131560.5,123606,120216,126147.69726027397,118303,110348.5
87,79018.5,76086,74878,78639.2065767285,74131,71198.5
88,104031.5,97991,95326,103227.44554455446,93964,87923.5
89,109001.0,100919,97105,108572.36847389558,95531,87449.0
90,94752.5,90083,88097,90808.45714285714,86970,82300.5
91,107125.0,100807,97825,100015.54391217565,96595,90277.0
92,99049.0,95056,93487,95387.92322274881,92394,88401.0
93,88286.5,85147,83808,85242.71164510166,83054,79914.5
94,83728.0,81028,79951,81294.19349005425,79228,76528.0
95,93833.0,83804,79164,85515.9226519337,77118,67089.0
96,99182.0,94967,93271,94672.68388429753,92157,87942.0
97,80906.0,77600,76450,77728.34835355286,75396,72090.0
98,121147.5,91752,73291,86033.70370370371,72155,42759.5
99,82116.5,79031,77638,78914.17906976744,76974,73888.5
100,89330.0,84296,81733,85765.57287822878,80940,75906.0
101,80767.0,77644,76275,77843.47088186356,75562,72439.0
102,88443.0,84348,82521,84107.86751054852,81618,77523.0
103,147856.5,123930,109493,126997.63295269168,107979,84052.5
104,91823.5,86866,84467,86690.60398230089,83561,78603.5
105,101822.0,97601,95744,97479.70734126984,94787,90566.0
106,102304.0,97951,96191,97773.03798767967,95049,90696.0
107,80537.0,75917,73584,76011.63311688312,72837,68217.0
108,113063.0,99098,91575,99997.81688466112,89788,75823.0
109,104697.5,101153,99843,101998.90070921986,98790,95245.5
110,201572.5,132601,90571,104839.91377091377,86620,17648.5
111,89699.5,86743,85773,86954.64791288566,84772,81815.5
112,90600.5,85571,84068,89375.64994547438,82218,77188.5
113,75891.5,72743,71629,74695.39869888476,70644,67495.5
114,84460.0,79657,77584,80484.47304347825,76455,71652.0
115,83436.5,80015,78759,80029.38734419942,77734,74312.5
116,100638.0,96933,95562,96946.4405529954,94463,90758.0
117,83293.0,79894,78506,79642.01757188498,77628,74229.0
118,92284.5,87729,85703,90055.14385964912,84692,80136.5
119,84962.5,80335,78454,82703.95108077361,77250,72622.5
120,91901.0,87377,85283,86829.13734290843,84361,79837.0
121,90950.5,86386,84474,86474.21156211563,83343,78778.5
122,90015.5,80447,76397,79481.83923705723,74068,64499.5
123,102724.0,98434,96286,98206.5303197354,95574,91284.0
124,111418.0,100081,95083,107321.21708185054,92523,81186.0
125,107487.0,103647,102204,104512.2345276873,101087,97247.0
126,82492.5,79542,78578,80097.68421052632,77575,74624.5
127,92155.5,88662,87305,88293.34060228453,86333,82839.5
128,86277.5,84530,83921,85200.83023001095,83365,81617.5
129,80931.0,75474,73250,80723.66886792453,71836,66379.0
130,87293.0,83654,82450,83429.29637841832,81228,77589.0
131,84151.5,80457,79001,81926.65278868814,77994,74299.5
132,101141.0,97715,96400,97648.16109682948,95431,92005.0
133,113866.0,98011,91789,94557.16052060737,87441,71586.0
134,80855.5,78316,77559,78463.07358490567,76623,74083.5
135,83781.0,80586,79484,80844.47774480713,78456,75261.0
136,83814.5,80933,79930,80742.0674074074,79012,76130.5
137,114984.5,112346,111481,112631.64256480218,110587,107948.5
138,90627.5,87884,86897,88326.60542540075,86055,83311.5
139,78824.5,76324,75420,76293.01977186312,74657,72156.5
140,103722.0,100341,99150,100953.98646820027,98087,94706.0
141,111910.0,99580,93178,104914.22891566265,91360,79030.0
142,143332.0,121015,111616,120450.20547945205,106137,83820.0
143,108292.5,90420,79747,85571.18498659518,78505,60632.5
144,93879.5,90311,89128,90223.0315270936,87932,84363.5
145,90321.5,86180,84400,85841.19655172413,83419,79277.5
146,79752.0,75498,73783,76860.57628765792,72662,68408.0
147,89500.5,85149,83352,85217.3831858407,82248,77896.5
148,84964.5,82011,80741,84126.5329153605,80042,77088.5
149,84315.0,81927,81232,81971.89641434263,80335,77947.0
150,82447.5,79749,78822,79643.7156862745,77950,75251.5
151,91970.0,88334,87070,88000.1361788618,85910,82274.0
152,108883.0,106078,105132,106369.78658536586,104208,101403.0
153,86075.0,82049,80540,82345.48468606432,79365,75339.0
154,121582.5,116427,114207,116570.86470588236,112990,107834.5
155,92670.0,89397,88338,89274.42396313364,87215,83942.0
156,80479.0,77761,76717,77606.37688821752,75949,73231.0
157,106707.0,102000,100055,101900.90119760479,98862,94155.0
158,100728.0,96762,95047,99751.7056778679,94118,90152.0
159,82134.5,79070,78030,78847.16016427104,77027,73962.5
160,93073.5,90690,89907,90917.89700374533,89101,86717.5
161,92469.5,90185,89317,90448.9255774166,88662,86377.5
162,89958.5,87890,87277,88307.3462555066,86511,84442.5
163,100651.0,94789,93206,93619.7531340405,90881,85019.0
164,88935.0,85908,84784,85511.05443371378,83890,80863.0
165,118811.0,96491,82691,88222.34752321981,81611,59291.0
166,85943.0,83438,82603,83375.03777949113,81768,79263.0
167,78317.5,75658,74576,76906.97966728281,73885,71225.5
168,133383.0,117846,108257,114235.45790816327,107488,91951.0
169,88283.0,84680,83344,84592.69966101694,82278,78675.0
170,133590.0,123216,117963,123424.7850241546,116300,105926.0
171,133646.0,106028,88710,103042.18385650225,87616,59998.0
172,94478.5,83770,77737,81014.95176848874,76631,65922.5
173,109962.0,105024,103216,104520.1630218688,101732,96794.0
174,107700.5,103817,102316,104917.29508196721,101228,97344.5
175,105838.5,99324,96461,102112.6608108108,94981,88466.5
176,85781.0,82388,81342,82739.11575875487,80126,76733.0
177,96245.5,93070,91897,93189.25802997859,90953,87777.5
178,90724.0,86782,85121,86060.88057040998,84154,80212.0
179,91601.0,88856,87884,88875.99281867145,87026,84281.0
180,91064.0,85880,83752,89516.00835945664,82424,77240.0
181,121541.5,98320,93905,98496.07235621521,82839,59617.5
182,95812.0,92602,91477,94030.67260787993,90462,87252.0
183,78639.0,75996,74951,76098.6197511664,74234,71591.0
184,113978.0,110747,109445,110625.74027993779,108593,105362.0
185,87534.0,84600,83624,84415.07270233196,82644,79710.0
186,122664.5,119165,117749,119180.42991755006,116832,113332.5
187,90944.5,88399,87256,88680.92108508015,86702,84156.5
188,122356.0,99661,86946,94577.64910536779,84531,61836.0
189,109387.0,105403,103598,105806.88676844783,102747,98763.0
190,109142.5,106177,105010,106191.98056155507,104200,101234.5
191,101223.5,97763,96470,97903.0701262272,95456,91995.5
192,86723.0,83333,82044,82933.06794425087,81073,77683.0
193,98165.5,93490,91562,92765.50349107836,90373,85697.5
194,99069.0,94491,92588,93979.56762749446,91439,86861.0
195,91676.0,88694,87645,88617.77480586713,86706,83724.0
196,91872.5,87983,86739,87478.9940526763,85390,81500.5
197,90571.5,85857,83935,91242.9222972973,82714,77999.5
198,86156.0,82520,81154,82264.04522246536,80096,76460.0
199,119391.0,108066,104038,108235.0385818561,100516,89191.0
200,79933.5,76908,75970,78521.02708124374,74891,71865.5
201,113219.0,109685,108148,109460.43214285714,107329,103795.0
202,88845.5,84707,83325,84199.28270676691,81948,77809.5
203,157091.0,142271,134911,145076.64239828693,132391,117571.0
204,93770.5,89947,88548,90119.74200913242,87398,83574.5
205,88088.5,84775,83727,85122.82254196642,82566,79252.5
206,109916.0,105827,103921,105138.19801980197,103101,99012.0
207,100518.5,96083,94649,96326.91902313624,93126,88690.5
208,83396.5,81124,80453,81519.0484937546,79609,77336.5
209,96860.5,92794,91201,95692.04253308129,90083,86016.5
210,94949.5,90718,89131,90288.22408026755,87897,83665.5
211,125239.5,119913,117811,119601.46692607003,116362,111035.5
212,89496.5,86309,85250,86331.24285714286,84184,80996.5
213,88429.5,84618,83270,87191.92462311558,82077,78265.5
214,87140.5,82966,81206,83838.60741364786,80183,76008.5
215,93529.0,89848,88236,91178.6669921875,87394,83713.0
216,114288.5,110249,108369,109984.96030534351,107556,103516.5
217,86037.5,83303,82220,83373.5034695451,81480,78745.5
218,164227.0,136174,123044,132219.6422250316,117472,89419.0
219,90735.5,88274,87397,88592.76371308017,86633,84171.5
220,77317.5,74937,74126,74986.25333333333,73350,70969.5
221,84780.0,82536,81809,82777.53448275862,81040,78796.0
222,108502.5,103950,102016,103353.60220994476,100915,96362.5
223,89566.0,87130,86329,87072.1464684015,85506,83070.0
224,103830.0,99078,97086,99021.05049261084,95910,91158.0
225,121635.0,100458,98037,96868.48638838476,86340,65163.0
226,100869.0,95490,93117,98446.64605734767,91904,86525.0
227,87963.0,85053,83786,85186.72850678733,83113,80203.0
228,96846.5,93053,91390,93190.64750957854,90524,86730.5
229,142903.0,109906,95801,99796.0895140665,87908,54911.0
230,117506.0,113219,111664,113189.83724832215,110361,106074.0
231,88766.5,85699,84610,85562.10978260869,83654,80586.5
232,86344.0,82768,81505,82347.86292548299,80384,76808.0
233,97243.5,93723,92560,93658.72517321016,91376,87855.5
234,116194.5,111744,110019,111430.56268221575,108777,104326.5
235,89905.0,85591,83764,84920.7914979757,82715,78401.0
236,126183.0,119709,117024,122689.93333333333,115393,108919.0
237,93320.0,90161,89028,90259.41626794258,88055,84896.0
238,92493.0,88617,86942,88531.92990654205,86033,82157.0
239,114064.5,109467,107509,108713.01593137255,106402,101804.5
337,131274.0,125043,122656,123994.8826754386,120889,114658.0
338,111373.5,99126,92981,101076.80957562568,90961,78713.5
339,113019.0,105120,101804,104026.1171950048,99854,91955.0
340,130824.5,117932,112433,118109.44670050761,109337,96444.5
341,94836.0,90150,88244,89306.26666666666,87026,82340.0
342,91095.0,83067,79853,85808.72845763939,77715,69687.0
343,100115.5,94903,92738,93885.030162413,91428,86215.5
344,87618.5,83222,81382,82746.44152249135,80291,75894.5
345,111618.5,105473,102914,107433.16067146283,101376,95230.5
346,105748.5,99525,97257,99351.35216240071,95376,89152.5
347,85736.0,81233,79656,80806.17366136034,78231,73728.0
348,95927.5,89869,87588,89089.87599709934,85830,79771.5
349,145016.0,126020,116334,122916.42608695652,113356,94360.0
350,93763.0,89260,87450,88298.86968325792,86258,81755.0
351,125079.0,117807,114301,118746.38921161825,112959,105687.0
352,110833.0,102400,98271,104808.70215053763,96778,88345.0
353,224966.5,159664,126438,198826.32452142207,116129,50826.5
354,83665.5,79692,77919,80874.46027895695,77043,73069.5
355,114702.0,108417,105999,110506.40690817186,104227,97942.0
841,102242.0,95921,93421,95618.77377654663,91707,85386.0
842,113520.5,107498,105346,106844.6719858156,103483,97460.5
843,112152.5,106643,104374,105659.2507788162,102970,97460.5
844,100824.0,95922,94112,95400.36559139784,92654,87752.0
845,98820.5,93584,91549,92749.42052313883,90093,84856.5
846,90243.0,84492,82048,99203.54301745637,80658,74907.0
847,165345.5,121562,103330,220450.71505376344,92373,48589.5
848,114345.5,108482,106252,107504.34549516009,104573,98709.5
849,131762.0,111653,101233,104956.72372093023,98247,78138.0
850,106797.5,101324,99300,100239.72191673213,97675,92201.5
851,121690.5,101502,90895,94755.08797850907,88043,67854.5
852,127493.0,119570,116782,120528.80518018018,114288,106365.0
853,97410.5,92231,90323,95309.73903262093,88778,83598.5
854,129611.5,121102,117637,120600.50561797753,115429,106919.5
855,111041.0,104201,101537,104489.39803439804,99641,92801.0
856,116287.0,108316,105626,108893.22904564315,103002,95031.0
857,99790.0,94030,92006,93231.47723440135,90190,84430.0
858,115691.5,109576,107650,108615.13651877134,105499,99383.5
859,84433.5,80580,78988,79987.84020618557,78011,74157.5
860,103396.0,96664,94081,98469.92911877394,92176,85444.0
861,165830.5,131797,121542,179399.37637795275,109108,75074.5
862,109029.5,105041,103462,104809.6096049574,102382,98393.5
863,107092.0,102391,100696,101989.5539177657,99257,94556.0
864,96106.5,92085,90758,91803.58646063283,89404,85382.5
865,84513.5,81830,80723,82576.82849239281,80041,77357.5
866,85119.5,81104,79582,80304.94339622642,78427,74411.5
867,114847.0,109300,107049,110761.68181818182,105602,100055.0
868,105987.0,100620,98669,99808.07019143118,97042,91675.0
869,88034.5,83650,82289,83038.70379746835,80727,76342.5
870,94328.0,90041,88471,89435.71992597163,87183,82896.0
871,127739.0,120728,118144,124004.40853658537,116054,109043.0
872,95241.5,91889,90718,91499.33137089992,89654,86301.5
873,129232.0,121327,117671,123570.73359375,116057,108152.0
874,106746.0,101916,100160,102524.97334558824,98696,93866.0
875,113404.5,108099,106199,107175.92539964477,104562,99256.5
876,98220.0,93798,92381,92968.06944444444,90850,86428.0
877,120296.5,112720,109247,116403.74515235458,107669,100092.5
878,111855.5,106031,104100,104841.8456,102148,96323.5
879,108520.0,92608,87806,89864.10537634409,82000,66088.0
880,100111.0,95401,93547,94959.43505338079,92261,87551.0
881,115650.0,107886,104380,108082.01285583104,102710,94946.0
882,109823.5,105184,103797,104690.33746425167,102091,97451.5
883,107385.5,102845,101144,102525.87147595357,99818,95277.5
884,96247.5,92076,90714,91925.91761148904,89295,85123.5
885,89030.5,84553,82706,106209.10978043912,81568,77090.5
886,85890.0,81792,80397,80961.11849315069,79060,74962.0
887,118753.0,106165,99600,107805.83588818756,97773,85185.0
888,105584.0,100364,98553,102192.11505922166,96884,91664.0
890,94312.5,90075,88630,89550.49067431851,87250,83012.5
891,122383.5,117042,115478,116210.28764044945,113481,108139.5
892,93462.5,90224,89306,89949.15528531338,88065,84826.5
893,122152.0,116545,114241,118799.22160883281,112807,107200.0
894,120077.0,111209,107085,113402.79565217391,105297,96429.0
895,104643.5,100412,98920,100004.58051689861,97591,93359.5
896,97513.0,93208,91828,92783.9950041632,90338,86033.0
897,113013.0,109263,108089,108937.90917030568,106763,103013.0
898,110140.0,105739,104433,107876.42991452992,102805,98404.0
899,83113.0,79882,78741,79551.76058292852,77728,74497.0
900,103935.5,98411,95922,100366.24498416051,94728,89203.5
901,114835.5,110121,108399,110075.0418367347,106978,102263.5
902,109452.0,104406,102334,105863.46540880503,101042,95996.0
903,110208.5,106265,104757,105910.76403508772,103636,99692.5
904,97798.0,94282,92881,93876.15503306393,91938,88422.0
905,88122.0,84015,82006,86113.0328125,81277,77170.0
906,85857.0,82290,80730,86272.66950596252,79912,76345.0
907,78951.5,75893,74779,75599.87749483826,73854,70795.5
908,107254.0,102565,100928,180681.68260869564,99439,94750.0
909,88107.0,84960,83666,85535.87099236641,82862,79715.0
910,132187.5,106590,91049,98855.57259380099,89525,63927.5
911,122365.0,117877,116211,117314.94172494173,114885,110397.0
912,93727.0,91285,90484,91257.94926199262,89657,87215.0
913,125209.5,118818,115840,121152.02892199825,114557,108165.5
914,173282.0,138635,117455,155868.39273927393,115537,80890.0
915,109602.5,106151,104878,105796.80097087378,103850,100398.5
916,109589.0,106388,105191,108864.56807511736,104254,101053.0
917,79258.5,76887,76065,77145.1121039805,75306,72934.5
918,113293.5,109893,108724,109714.9861660079,107626,104225.5
931,87367.0,83227,81129,84532.03079076277,80467,76327.0
932,83760.5,80780,79657,80396.10743801652,78793,75812.5
929,106202.5,102262,100805,102143.04612365064,99635,95694.5
930,98734.0,94846,93319,94366.14251207729,92254,88366.0
928,112312.0,107503,105460,107993.15316205533,104297,99488.0
926,98895.0,95148,93850,97062.15504978663,92650,88903.0
927,115005.5,109556,107384,110629.91613588111,105923,100473.5
933,77939.0,74768,73520,78207.28342749529,72654,69483.0
934,130952.0,112028,102008,108001.61165048544,99412,80488.0
936,96578.0,91799,89780,93509.93267023719,88613,83834.0
937,124818.5,119303,116948,119295.94565217392,115626,110110.5
938,94347.0,90792,89366,90377.70695187166,88422,84867.0
939,126573.0,118296,114105,121017.76029962547,112778,104501.0
940,106164.0,102216,100719,101991.42802303263,99584,95636.0
941,113719.5,107145,104143,111658.81014150943,102762,96187.5
942,159432.5,127811,117369,120262.10513739545,106730,75108.5
943,91557.0,86652,84365,87335.40919904837,83382,78477.0
944,81506.5,78721,77790,78785.46194423511,76864,74078.5
945,113245.5,109716,108466,109684.11519845111,107363,103833.5
948,97815.5,94769,93508,115614.2831858407,92738,89691.5
949,104987.0,100730,99282,100449.44710578842,97892,93635.0
950,109933.5,105573,103627,107720.79067865903,102666,98305.5
951,108132.5,104690,103408,107195.69886947585,102395,98952.5
952,96177.5,92783,91745,93990.02998379254,90520,87125.5
953,128524.5,100215,91551,95728.84008843036,81342,53032.5
954,82690.0,79789,78776,79753.7359591539,77855,74954.0
955,116860.5,112044,110388,111348.16147859923,108833,104016.5
956,76235.5,72958,71726,74946.18290960453,70773,67495.5
957,142893.0,116091,100635,113489.77319587629,98223,71421.0
958,91383.5,88268,87059,87848.5612177366,86191,83075.5
959,86274.0,83070,81968,82800.56073446327,80934,77730.0
960,123460.5,118089,115679,144289.09391534392,114508,109136.5
961,93305.0,89741,88377,90429.14215686274,87365,83801.0
962,118454.0,114518,113063,116025.70951156813,111894,107958.0
963,108087.5,103286,101845,105918.61442307693,100085,95283.5
964,104197.5,100506,99198,99930.42943722944,98045,94353.5
965,110824.5,106959,105554,107481.71150278293,104382,100516.5
966,88172.0,85565,84712,86322.61189993238,83827,81220.0
967,170048.5,121066,99854,153655.55417956656,88411,39428.5
968,112642.5,108885,107297,108479.96230158731,106380,102622.5
969,94988.0,91256,90150,91105.88853503185,88768,85036.0
970,108471.0,102303,99738,107367.67552602437,98191,92023.0
971,102453.5,98441,97056,100056.30734463276,95766,91753.5
972,106030.5,101943,100362,103805.56400966183,99218,95130.5
973,91675.0,88723,87598,89566.00631768953,86755,83803.0
974,81370.0,78868,77822,80751.66831683168,77200,74698.0
975,81625.5,78756,77576,81126.52133105801,76843,73973.5
976,156035.5,126559,108700,149324.75,106908,77431.5
977,73493.0,70856,69872,70445.01169590643,69098,66461.0
978,99271.5,95820,94448,97780.81439820022,93519,90067.5
979,88798.0,85099,83576,87078.5250996016,82633,78934.0
980,119629.0,113995,111722,116336.5435897436,110239,104605.0
981,90545.0,87698,86602,87423.60739260739,85800,82953.0
982,169063.5,133230,123581,130159.12071005917,109341,73507.5
983,101998.5,98940,98023,98476.3115234375,96901,93842.5
984,102238.5,98250,96773,100707.1278280543,95591,91602.5
985,105757.0,102736,101659,102314.0332261522,100722,97701.0
986,85947.0,83199,82062,83242.02204081633,81367,78619.0
987,78655.0,75712,74524,78541.67694944302,73750,70807.0
988,109116.0,105504,104266,104873.02521823472,103096,99484.0
989,95693.0,91259,89944,93258.0576307364,88303,83869.0
990,101772.0,98073,96597,98676.89769307924,95607,91908.0
991,105378.0,101307,99682,103177.9802690583,98593,94522.0
992,142883.0,121811,109676,121717.24019024971,107763,86691.0
993,89457.0,84816,83065,89232.64173228346,81722,77081.0
994,81874.5,79731,79036,79857.7495042961,78302,76158.5
995,80358.0,77541,76559,79538.20558375634,75663,72846.0
996,104847.0,100086,98623,103984.57267759563,96912,92151.0
997,72735.5,70574,69709,70745.09523809524,69133,66971.5
998,101276.0,96881,95269,101208.1258351893,93951,89556.0
999,84981.5,81254,80045,83211.08,78769,75041.5
1000,88848.5,85373,84134,85054.30162601625,83056,79580.5
1001,117145.0,112198,110439,116911.71594202898,108900,103953.0
1002,89894.5,86818,85910,88633.80972972974,84767,81690.5
1003,114295.5,109401,107752,111642.22008733625,106138,101243.5
1004,106209.5,101951,100478,101254.53375527426,99112,94853.5
1005,103167.5,98312,97038,100938.49487704918,95075,90219.5
1006,106921.0,102895,101451,102935.62620837809,100211,96185.0
1007,89541.0,85224,84130,85640.42431561997,82346,78029.0
1008,78659.5,75448,74517,74915.37253414265,73307,70095.5
1009,113056.5,107694,105816,111006.37206823028,104119,98756.5
1010,94176.0,90879,89368,90420.98265895953,88681,85384.0
1011,103128.5,99401,98086,100355.92691951897,96916,93188.5
1012,104601.5,100997,99807,100897.12045889102,98594,94989.5
1013,115961.5,110596,108320,110312.68743400212,107019,101653.5
1014,89533.5,85278,83747,87557.53924646782,82441,78185.5
1015,83291.5,79840,78582,80587.34654130289,77539,74087.5
1016,81003.0,78450,77439,78023.66946564885,76748,74195.0
1017,102213.0,98319,96849,97771.85907335907,95723,91829.0
1018,73256.0,70907,70047,70587.27123483227,69341,66992.0
1019,97026.5,93164,91755,95101.0273822563,90589,86726.5
1020,133772.0,107711,93409,98449.84155597723,90337,64276.0
1021,87519.0,84195,83134,83529.30854197349,81979,78655.0
1022,117337.0,112540,110769,116425.1211734694,109342,104545.0
1023,90052.5,86829,85713,87150.30101010101,84680,81456.5
1024,118913.0,112262,109253,116809.92685025817,107828,101177.0
1025,109134.5,103070,100849,107043.69111111111,99027,92962.5
1026,101024.0,97244,96111,96641.84888438134,94724,90944.0
1027,87190.0,83524,81967,83379.45182481752,81080,77414.0
1028,107229.0,103341,101798,102680.34757281553,100749,96861.0
1029,80516.0,76502,74823,78582.8472121651,73826,69812.0
1030,109036.5,105543,104341,105010.0269767442,103214,99720.5
1031,75755.0,72056,70568,76532.74649122807,69590,65891.0
1032,72999.0,70323,69335,71366.455954323,68539,65863.0
1033,89164.0,84223,82221,84210.76940467219,80929,75988.0
1034,102276.0,95376,92047,102457.77988826815,90776,83876.0
1035,96515.5,93520,92499,93384.48975609757,91523,88527.5
1036,88991.5,85702,84787,85305.00706436421,83509,80219.5
1037,116209.0,112219,110616,115836.79112271541,109559,105569.0
1038,89879.0,86984,86018,121092.0,85054,82159.0
1039,137251.5,104649,84313,141405.24550128536,82914,50311.5
1040,107367.5,102947,101379,108128.07505285412,100000,95579.5
1041,99320.0,94916,93224,96281.74041297936,91980,87576.0
1042,86713.0,83713,82596,83516.84860248448,81713,78713.0
1043,84637.5,81255,79896,84147.57180851063,79000,75617.5
1044,126866.0,112178,104459,108180.39219330855,102386,87698.0
1045,108156.0,100305,96819,128509.26279527559,95071,87220.0
1046,62808.5,59951,58727,63150.25930764207,58046,55188.5
1047,109390.0,105325,103639,107039.39693192713,102615,98550.0
1053,121551.0,96642,88275,117208.33629893238,80036,55127.0
1074,106930.0,101881,99836,103134.85930543188,98515,93466.0
1052,101693.0,98105,96788,100322.85282651072,95713,92125.0
1051,95999.0,91223,89433,90765.27158273381,88039,83263.0
1054,87838.5,84687,83432,87315.56591639871,82586,79434.5
1055,89237.5,85588,84381,86325.77929373996,83155,79505.5
1056,80856.5,77915,76736,77457.93159379407,75954,73012.5
1057,119581.0,111823,107954,151572.06376195536,106651,98893.0
1058,74173.0,71581,70553,71218.45216049382,69853,67261.0
1059,104202.5,101078,99999,100615.9590865842,98995,95870.5
1060,73892.5,71098,69996,72039.09131736527,69235,66440.5
1061,97589.0,94577,93340,138947.17750258,92569,89557.0
1062,87922.5,84717,83420,109608.4240570846,82580,79374.5
1063,265573.0,236578,227661,225823.95,217248,188253.0
1064,80996.5,77698,76491,77115.78912564291,75499,72200.5
1065,90594.0,88104,87158,92951.86951631046,86444,83954.0
1066,107462.0,103463,101715,104673.47804878048,100797,96798.0
1067,99331.5,96282,95123,95841.55710549258,94249,91199.5
1069,108215.5,104110,102544,103737.56417624521,101373,97267.5
1070,86784.0,83529,82243,85128.55679110406,81359,78104.0
1071,81553.5,77355,75625,79611.81911764706,74556,70357.5
1072,145684.0,114364,95604,154924.338882283,93484,62164.0
1073,94731.0,91260,90024,93919.29258517035,88946,85475.0
1075,103426.0,98059,95855,102404.99632352941,94481,89114.0
1076,92331.5,87185,85021,92135.94049904031,83754,78607.5
1077,108388.5,92355,82399,89187.02033598586,81666,65632.5
1078,100268.0,96593,95109,99879.37061611374,94143,90468.0
1079,93513.0,90237,89122,90071.61056910569,88053,84777.0
1080,129196.0,98944,85143,110229.84353741497,78776,48524.0
1081,114948.5,111215,110109,112709.17547806524,108726,104992.5
1082,82714.5,79980,79088,82985.41204437401,78157,75422.5
1083,98799.0,95571,94503,164764.65721331688,93419,90191.0
1084,74564.5,72106,71332,72462.10355253212,70467,68008.5
1085,103138.0,100786,99900,102989.11437565583,99218,96866.0
1086,88886.5,85948,85013,86660.92764109986,83989,81050.5
1087,120281.5,116218,114689,118966.6746835443,113509,109445.5
1088,81058.0,78253,77178,80961.39396117901,76383,73578.0
1089,90773.5,88363,87411,91257.95872033024,86756,84345.5
1091,147915.0,128661,121685,126268.82678002125,115825,96571.0
1092,131852.5,117862,109763,134424.15476190476,108535,94544.5
1093,108548.0,104927,103649,110456.72222222222,102513,98892.0
1094,87506.5,85009,84279,84882.72786647316,83344,80846.5
1095,86991.5,80519,77163,83602.28582802547,76204,69731.5
1096,95300.5,92470,91374,92204.73052820054,90583,87752.5